x1,x2,x3,x4,x5,y
54.96714153011233,16.748258225906977,7.418047106022918,16.287619472878653,C,0
48.61735698828815,10.456784033440025,1.1223769751458748,3.5861074519571012,A,0
56.47688538100692,63.64302495436367,3.429540574882987,18.689261626561333,D,1
65.23029856408026,70.64757264869012,12.413719302150925,28.021975907890234,C,1
47.658466252766644,3.1586144825642037,48.673518282769386,50.39853388745347,B,0
47.6586304305082,93.62122462436898,25.462372277739384,29.05356993774629,A,1
65.79212815507391,5.1971283651472415,21.56427302964188,21.37032540043946,C,0
57.67434729152909,54.12963353010704,10.422487711099423,17.420404077010232,C,1
45.30525614065048,70.90605194509165,80.53897030758648,39.919600736253635,C,1
55.42560043585965,87.09691237460856,15.175890797240049,26.593194966384743,C,1
45.365823071875376,71.40869321324278,2.7336303034972675,40.20401338219225,A,1
45.34270246429743,80.17280830697918,28.796819286298618,10.54043592980552,C,1
52.41962271566034,33.94501925428061,3.625678346119887,18.962207868009486,D,0
30.86719755342202,81.48251137465122,12.703823322697968,35.48328182831716,A,1
32.75082167486967,8.011484638467515,21.242460891592383,7.851743073924757,C,0
44.37712470759027,89.48166560605276,62.19723006896749,12.350488995470801,A,1
39.87168879665576,54.75923761537362,20.40968773967859,24.137784545030637,D,0
53.142473325952736,81.72977699624937,36.34591536277531,46.885431030478045,D,1
40.91975924478789,45.23182845183001,148.0804722593433,54.916718143605124,A,0
35.87696298664709,64.35776951965249,4.229254977479447,13.208665662881735,C,1
64.65648768921554,52.640266093611324,9.63640149140705,29.893631402013455,C,1
47.74223699513465,73.15895217553319,15.054790945094247,51.46805029932751,D,1
50.67528204687924,8.162998203058958,16.43652556564392,40.08971368260079,C,0
35.75251813786544,6.03520839905638,15.880946322188484,28.42255949831302,D,0
44.556172754748175,24.710323401014644,71.45242148135743,31.754411011338206,C,0
51.10922589709866,15.954468011318834,37.55632848508276,13.848346987034896,D,0
38.490064225776976,87.17835665922017,28.087550028952577,20.097123645401037,B,1
53.75698018345672,21.92139873580443,11.104649694881966,24.188964316220723,C,0
43.99361310081195,97.58652558191314,52.08242981633134,22.956119418903832,C,1
47.083062502067236,33.68957917711069,93.07315181394469,21.568607571636463,C,0
43.98293387770603,18.211791568869927,51.64433432595198,12.310958018220287,A,0
68.52278184508938,78.96985071424791,0.04698993744125245,51.606248585607375,C,1
49.86502775262066,65.87077755008761,30.351140552013636,26.23139249573352,A,1
39.422890710440996,49.8195716453139,1.574674424851337,23.09942687514944,A,0
58.225449121031886,55.53635509376312,8.93630469667427,9.595128593448145,D,1
37.791563500289776,71.92017782722638,1.8410968074589893,34.035335737121706,A,1
52.08863595004755,22.845474133129873,27.774740043863762,15.694670027434334,A,0
30.403298761202244,99.63339160567419,34.807282963342814,16.200257717108478,B,1
36.71813951101569,97.4793162146783,3.6476658437043903,19.459935313145536,C,1
51.96861235869123,65.03256863469369,14.527403884480814,38.890333638492116,A,1
57.38466579995411,19.954245092914512,18.277226573123677,32.40072686151163,C,0
51.7136828118997,68.02282424312914,13.816003443562181,5.6960686861772745,A,1
48.843517176117594,7.219840897917584,3.869964709923519,50.684432743868825,D,0
46.98896304410711,3.0652502205806065,16.287439925516424,30.439250526781684,B,0
35.214780096325725,25.76828885112137,41.73053069184222,29.72452247392276,A,0
42.801557916052914,46.26229567393163,2.2096437152170836,13.67056096153261,C,0
45.393612290402125,86.82725054083805,2.5073188669427937,44.914011712217096,D,1
60.57122226218915,72.7169069766308,13.14451316209291,25.181479605739426,C,1
53.43618289568462,74.2706521199981,85.27782916583523,16.951392607312645,D,1
32.36959844637266,42.54933344480754,33.13039916522753,8.014649270573642,B,0
53.24083969394795,34.59349925469629,34.05859535099049,23.25370523553835,D,0
46.149177195836835,37.10387629846027,13.478747918694168,48.41625365767797,C,0
43.23077999694041,98.76495637360578,27.017009357203385,16.93257626556566,C,1
56.11676288840868,4.010919141248248,0.3054856125762926,7.477892700140167,A,0
60.30999522495951,86.70314961224486,30.325959297781274,18.52423234921943,D,1
59.31280119116199,57.86754085723934,73.35452578619437,16.796351370450527,C,1
41.607824767773614,43.86154191895905,28.4468713167853,27.633549496605447,A,0
46.907876241487855,72.52576604151365,62.072523397126304,13.097855154707988,B,1
53.31263431403564,48.666894142470284,38.61770378721482,15.42500262093677,C,1
59.75545127122359,87.34232380816606,3.8540441107799115,8.993538353011882,A,1
45.2082576215471,90.07018640112585,69.82272347945323,34.65590425511273,C,1
48.14341023336183,42.17209268734554,2.062624853704113,16.499025374641892,D,0
38.93665025993972,27.682779723505156,22.904995376785408,14.543818446371128,A,0
38.037933759193294,59.23503285933622,4.599330306225468,45.1163889216197,D,0
58.125258223941984,91.2363345616691,0.35327017843446074,52.92063498589319,B,1
63.56240028570823,21.066218900566657,16.44722056931213,37.7177197138795,D,0
49.27989878419666,62.296658356348274,10.488456575711329,49.77153092263308,A,1
60.03532897892024,63.156022009252055,19.965989226694774,42.318456662924476,C,1
53.61636025047634,73.3113022415281,25.82567271277222,21.733647489695553,A,1
43.54880245394876,13.15676851272598,1.3417339876773768,10.54974346874187,D,0
53.61395605508414,71.58249646820886,3.937561316540444,17.711581607683303,D,1
65.38036566465969,90.9032520665641,24.5369951918474,15.601042342477015,C,1
49.64173960890049,17.968310887024195,12.609780485731738,35.83027272484148,B,0
65.64643655814007,23.754332492387764,39.18830515684375,23.82117203777517,A,0
23.802548959102555,97.13950940416396,31.691736637551305,4.443763713492062,C,1
58.21902504375224,18.097695270948975,56.047106984921044,17.74341564063494,C,0
50.870470682381715,85.4385093369579,35.377705923080924,8.10503458688375,C,1
47.009926495341325,49.227785644803475,16.859940258120186,23.325972978998845,A,0
50.91760776535502,24.723107440317705,33.53079123316845,45.63029734443914,A,0
30.124310853991073,87.07499012725114,9.663285599403878,11.099512270858746,A,1
47.80328112162488,44.53052550026655,10.972054436429834,52.4107383079782,B,0
53.57112571511746,51.48173539296902,46.67480447550952,24.94485341513156,C,1
64.77894044741517,35.92333693997657,17.74044386747026,35.76596696917246,D,1
44.81729781726352,59.29508514349274,48.04116690808039,14.11241998676989,D,1
41.91506397106812,16.352387258502276,51.85042302665618,25.621935561558058,C,0
44.982429564154636,39.10815366517607,58.46552496773836,52.397914996172524,D,0
59.15402117702074,96.94123223352875,74.5358865297953,48.19498063691885,B,1
53.287511096596845,25.813343270112753,16.915466120994278,26.39644320402215,B,0
44.70239796232961,65.67366645412922,11.519922724294416,22.35141588845641,A,1
55.13267433113356,32.51900642246949,26.1824828955025,27.642704708167386,A,0
50.9707754934804,77.34731256866006,13.916945489177698,32.11292553414071,A,1
59.68644990532889,13.087366071834982,27.5693928322579,55.740688568153594,A,0
42.979469061226474,96.98210450785447,36.683036171083835,16.218908617481993,A,1
46.723378534022316,45.37895413836392,34.98153212022262,15.480747939205203,D,0
46.078918468678424,23.605046334646396,14.078655127223398,20.960392282734936,D,0
35.364850518678814,7.349674733001265,5.476614774144491,10.686653718771085,A,0
52.96120277064576,16.975790508754073,16.891440407935832,36.441921405229,B,0
52.610552721798896,51.977394855601766,4.6153168495830155,6.985421523280302,D,1
50.05113456642461,33.70031764312863,66.244723216112,57.52524381494896,B,0
47.65412866624853,82.88833658826094,12.733817285218201,28.165155884564697,B,1
35.84629257949586,43.08875236618059,5.033385105755997,37.94411536939452,C,0
45.79354677234641,24.871427258762992,0.7733146319002998,4.565963100292531,C,0
46.572854834732304,61.714498660403,31.138702740618218,39.07392159198113,A,1
41.97722730778381,70.67772168854458,30.3925014899046,32.5902940621004,B,1
48.387142883339905,16.704190790094987,12.492938013322247,34.50841502829877,D,0
54.040508568145384,16.761921628831765,2.232393893288236,23.701367390107055,C,0
68.8618590121053,3.667142693354297,15.810118443352387,42.43518655493258,C,0
51.74577812831839,73.64020150656405,11.1848917658485,12.881200099088815,B,1
52.57550390722764,66.38045276218051,33.914295694761044,32.99114686361586,C,1
49.25554084233833,47.46308757498139,27.92532738017507,6.675553056618239,C,0
30.812287847009586,84.41704489691972,13.604720596766752,10.571078303232644,D,1
49.73486124550783,80.56701529500532,7.372894476727448,53.57995621053333,B,1
50.60230209941027,58.535436439675216,132.7755092809359,15.957134377575063,C,1
74.63242112485287,86.82712805132586,18.15417817395881,12.287989871766325,B,1
48.076390352188774,20.584121003676824,34.968943155579744,30.995644773932675,C,0
53.015473423336125,11.191961939772789,4.543982462840476,50.067412401716936,D,0
49.65288230294757,26.974961151698963,19.94202246806762,19.253338124350865,B,0
38.31321962380468,5.708685608931486,0.8376888726877594,67.98139772747848,C,0
61.42822814515021,53.1169528001032,21.123521084121062,16.580692395614125,D,1
57.519330326867745,93.66056922949615,99.74159965536445,44.5325731706341,C,1
57.910319470430466,3.9343540668509647,14.54531834384226,28.710346659034748,B,0
40.906125452052606,12.21099140100268,1.193301623243494,20.515210248463084,C,0
64.02794310936099,45.21990282834353,0.943351341775096,35.69482999794101,B,1
35.98148937207719,93.38750175279048,14.730040878902445,8.720531597496315,B,1
55.868570938002705,31.61561049767505,5.231492215533926,23.791157291652002,C,0
71.90455625809979,50.723480868839246,0.7088723124360169,21.25906368597829,D,1
40.09463674869312,4.15728590503921,42.34388712428731,33.80474712276761,A,0
44.33702270397228,14.834320096208886,18.40364113361446,29.052756084271987,D,0
50.99651365087641,98.66301229588468,10.242815184880069,34.79181328972756,D,1
44.96524345883801,96.51186964360456,69.1025180796463,42.2199607705117,C,1
34.493365689338674,0.49399809344096157,3.7036627049359594,24.249642318363556,D,0
50.68562974806027,95.18117854232389,93.65167644422924,30.247633739273528,D,1
39.37696286273895,63.91199378155004,11.304874064715788,56.85546252018754,A,1
54.73592430635182,86.79182945200222,65.78601406704324,29.393240112032725,D,1
40.80575765766197,45.47398556338591,27.71025362054317,23.718069472344744,A,0
65.4993440501754,51.55960285792502,52.58320654129152,43.484831360277724,C,1
42.16746707663763,48.88465802569202,124.07968788000846,24.766475341982122,A,0
46.77938483794324,66.68642575461044,10.20740894695835,59.15252921662858,B,1
58.135172173696695,13.96512547563129,97.43020997878965,49.414273786873565,B,0
37.69135683566045,2.9973589872677953,14.803419890748655,19.275092244199293,A,0
52.27459934604129,30.79299415911909,14.608971696298806,21.570858057122805,B,0
63.07142754282428,70.46807627366466,12.483064128914387,45.48274324248505,C,1
33.92516765438772,20.185345212294838,23.387804906816406,43.203347294911104,B,0
51.84633858532304,67.34324333249174,5.0222213973565974,47.27380263938699,A,1
52.598827942484235,96.99120461072704,24.20368926874702,25.389739467619922,C,1
57.8182287177731,9.39007157894184,23.407253642685383,28.572136176326275,B,0
37.63049289121918,67.26021182251263,43.05216414919487,23.17922806044498,C,1
36.795433869157236,44.375021930457116,53.8098314312536,23.320414628000993,A,0
55.21941565616898,86.81422543775054,17.418207946351963,16.97303259220881,B,1
52.96984673233186,17.71497894473859,10.8004117448684,49.15121741124872,C,0
52.504928503458764,69.26259522261645,9.00620127126412,33.19587751508013,C,1
53.46448209496975,83.81152896481102,6.493374813303657,34.27031340245881,B,1
43.19975278421509,94.46142194740233,1.7812787342514242,47.320746037150585,C,1
52.322536971610035,68.32480282896458,12.576941952509692,5.7826174727944,C,1
52.93072473298681,49.71747640084273,9.45150320115507,33.42823374545915,A,1
42.85648581973632,61.78472402012139,101.81240347288983,50.55663733930453,A,1
68.65774511144757,86.89049844787182,24.473605489623463,10.926771693672341,A,1
54.73832920911788,57.060974663882966,12.798074865513025,47.637186210417106,A,1
38.08696502797351,3.038705969683686,26.05843570867718,33.51520189164386,A,0
56.5655360863383,93.09486955069778,4.496677725064343,31.13112656037835,A,1
40.253183297726785,68.95267510315611,17.61197020328709,31.565145210422436,B,1
57.87084603742452,67.65133857772466,29.523786173460337,13.425930596426694,A,1
61.58595579007404,21.567515239771716,20.13557312938425,4.261251654027319,C,0
41.7931768164829,65.88854702326572,15.41384084567256,44.02492515093427,B,1
59.63376129244322,39.386440565415846,152.73123791827382,11.95934956640864,C,0
54.12780926936498,65.12329770414921,63.6867000074039,20.00779313230957,A,1
58.2206015999449,10.659303030799073,29.297624514204234,70.07817975708072,A,0
68.96792982653947,65.7845304603036,25.275693611434107,28.17555447671213,C,1
47.54611883997129,99.94137257706666,29.079709299598626,34.92651154755516,C,1
42.4626383564251,4.821203886055603,6.743550977573552,18.348662812958906,C,0
41.10485570374477,97.71741842213173,15.082635650705905,50.231667378978365,D,1
41.841897150345616,40.690796072287064,1.2077749909728064,6.245007841002178,D,0
49.228982905858956,87.07534503372591,19.361928871307388,43.544377003930066,D,1
53.41151974816644,78.23854840582734,23.493770512589236,9.20630148030118,D,1
52.766907993300194,56.70162609866678,7.753398163768371,62.575188838532945,B,1
58.27183249036024,73.84492092513266,99.7511391569933,37.70081169472025,A,1
50.13001891877907,87.8515561301348,72.05712052195929,12.71719790497805,C,1
64.53534077157317,40.4140321651033,38.41948600571385,27.435287356315836,A,1
47.35343166762044,32.70331615632387,22.867627891977975,38.256661568693126,C,0
77.20169166589619,66.75933855635847,61.19950869547861,17.843961982715925,A,1
56.25667347765006,80.78459419412586,4.200365072286928,21.62905367743838,B,1
41.42842443583717,76.22851347766158,46.89234874284705,52.09740341645329,D,1
39.29107501938888,79.78136488586345,3.9997988865607152,27.9074004926693,A,1
54.824724152431855,43.5583314812933,47.42706801522506,48.49887995749727,C,0
47.76537214674149,81.78342161750216,9.679286993740279,34.81128642195799,A,1
57.14000494092092,12.020905537060845,62.88922877851348,37.76973082787967,B,0
54.73237624573545,54.448909796084955,86.4946663905049,45.52676384890687,B,1
49.271710873431275,0.575866049812157,4.833102756438287,56.4636774420852,A,0
41.532062819315954,32.45858299002703,18.634598383773497,13.525495524082082,D,0
34.851527753141355,36.646153487139784,118.87956639428913,41.89062970344011,C,0
45.53485047932979,39.61726916092554,19.815023774621434,62.772397336782085,B,0
58.56398794323472,69.54672066898621,59.75336625795638,42.33062618932802,B,1
52.14093744130204,38.85581012703457,26.655271407727497,32.42865327317485,A,0
37.542612212880115,44.86936226225306,14.115948638410925,52.37323534287259,B,0
51.73180925851182,23.754413087432745,10.097076571802278,68.43643932117193,B,0
53.85317379728837,37.325179162934006,6.815416587251591,35.926527588984385,C,0
41.16142563798867,22.726962726315147,43.039110876508666,39.39614324212918,D,0
51.53725105945528,7.319592376844364,14.659231284071277,37.99956547644613,C,0
50.58208718446,60.34485933813779,21.478687968421863,8.417433653931045,D,1
38.57029702169377,66.82127985550163,20.33744236226727,43.72271147397713,C,1
53.577873603482836,61.94903460096145,25.8312888352065,9.410779357588526,A,1
55.60784526368234,46.34940438005724,60.20294453739441,39.826128649897655,B,1
60.830512431752766,37.978578017922985,118.49072374007048,7.765506645751091,D,0
60.53802052034903,86.33336495718252,15.706396207460006,12.821245493162959,A,1
36.22330632042909,51.908178513621806,52.724032256920594,21.425064305656615,B,0
40.62174960084877,47.9181877629731,43.38487189507759,18.980885239554652,B,0
55.1503526720866,2.5642065806435688,25.566323875339883,44.9549690409468,B,0
55.13785950912209,34.12478276261564,93.73912995593804,23.40831361350911,C,0
55.150476863060476,38.019561878585705,6.712106151133504,10.047468691113757,A,0
88.52731490654722,39.88227808969005,3.4712228345929352,17.529106997208217,A,1
55.70890510693167,58.017236922733225,57.71664572678358,31.120624590899986,B,1
61.35565640180599,53.360254672687844,17.349043858424295,30.725814341699852,D,1
59.54001763493203,60.79050927934446,56.31341433097779,31.62298390616308,A,1
56.51391251305798,76.48832615421283,67.07309517861351,44.93230296578294,C,1
46.84730755359654,81.29857387160935,1.934798660627502,49.92607592612914,D,1
57.589692204932675,71.81230762264944,64.4868476421097,37.9732874760958,D,1
42.27174785462428,95.55236959549347,17.843561960052742,25.879512048478876,D,1
47.63181393259991,1.823258267636163,21.426987247383174,21.720650202910807,D,0
45.14636452170897,19.57779856835461,29.552549762559064,63.372714245367014,A,0
50.81874139386323,0.756287497814212,78.26621878694327,30.24225452045582,B,0
73.14658566673509,64.7474714154603,0.5790350809675753,35.324383153672905,D,1
31.32734807408252,89.8030548949987,19.4362369181347,19.600880118123296,C,1
56.86260190374514,24.34822965762993,34.915847944009755,19.460414633823603,C,0
33.87284128810349,92.70345447963066,38.480412526353135,12.016596269169016,B,1
45.280681342105666,6.026739028956085,35.381569971333235,28.81738348704263,A,0
60.889505969673664,93.44360268055144,4.33118866785928,19.451076843381124,B,1
50.64280019095463,35.16226872396344,10.674356139293222,22.190174670034967,D,0
39.22255222070694,10.142082844921651,13.32846367228004,49.244241405815075,A,0
42.84696290740032,48.58717591863256,48.95621288359564,8.506599782258311,A,0
56.79597748934676,25.677656772050796,9.80349447529896,17.078468035505963,D,0
42.69633368282864,28.487290196192284,7.098452737087457,32.75299415979275,C,0
52.16458589581975,30.728996492628657,94.71086606850025,31.460175346989562,D,0
50.45571839903814,80.30258978326634,0.2670839301685571,55.913004317614565,B,1
43.483996523941826,53.91612766752545,183.8646898171226,5.690746574113332,D,0
71.43944089325325,31.130769915600364,33.8864956331026,52.15862971395819,C,1
56.33919022318011,61.03337833109184,52.889790493151104,11.091117446247269,D,1
29.74857413342393,71.61506742231936,10.470532755147618,22.652284530795473,B,1
51.86454314769428,27.262400073353376,0.4325618921403456,8.232379528839836,B,0
43.38213535231612,41.354910152535155,40.16738635304101,2.033762111179792,C,0
58.52433334796224,12.188609333694755,53.89916809480202,51.50992247062109,B,0
42.07479261567299,18.11493495346803,40.46719810644282,15.242958329970671,B,0
48.85263558533101,68.11178539649828,4.62428045130665,40.1561690342304,D,1
55.049872789804574,18.143834769562694,42.003027708127625,19.34741652155991,A,0
58.657551941701215,52.516338366706016,43.9501004318405,56.76055160091945,B,1
37.997035929442234,70.90462617224327,32.23578741995643,20.7457529958512,B,1
46.654987641590516,10.687692309474384,43.587891770772394,24.303279275432917,C,0
45.25054688839044,56.73122196289035,56.10878024036415,16.867962259904033,C,1
43.46670767426288,25.656278370136377,28.526784729387913,11.978721348434995,D,0
67.65454240281096,96.29268752375798,2.7833571718474723,42.81637369757693,D,1
54.049817109609556,48.35456467199247,20.061119513628665,28.05328520070296,B,1
37.391160456649544,80.59925497751581,2.42489389722976,2.5530459181464824,A,1
59.17861947054776,55.022654215626176,15.704311044760058,57.588389337989376,A,1
71.22156197012633,4.341253285481916,15.682214191518932,24.667491342653282,D,0
60.32465260551147,63.31513755940223,2.048681417206523,12.659141193795396,C,1
34.80630034045987,95.14033422066571,12.869099918981421,7.690526282307506,B,1
45.15765927133749,60.16118201463312,3.529677146342175,13.178659947560378,B,1
62.669111491866225,81.91888594267903,49.54457130226441,34.235225040309444,A,1
42.92330534381219,88.42064633484078,88.51589955185996,44.22870444385288,D,1
54.43819428146229,22.807977194893247,2.251939011973673,22.902080143355764,A,0
57.74634053429337,21.204483990822666,93.10968702206057,81.33424050014514,A,0
40.730695284219166,61.09809888509917,22.180546481662834,20.792342426577648,D,1
49.404746439382,41.10284698067047,10.68164028835806,26.083444259376066,C,0
17.58732659930927,83.98613028667204,2.3992987421871623,10.952628416623476,B,1
39.756123586657104,90.00231233980112,20.83189490314181,25.085125200039492,C,1
47.4743184860684,35.34213793027181,47.47154670592854,46.152626905013165,D,0
37.52216818035151,23.687055897448207,36.83633573350949,62.24521206393593,D,0
66.32411303931636,78.05255152438619,1.5459368848813937,39.84798933684013,B,1
35.69858622039367,27.48060355481361,2.2708747217475747,5.8734322284688645,C,0
45.599555133030165,82.26143185136785,15.468777936482631,9.968586243360074,B,1
51.30740577286091,42.37382536487628,10.49908828140147,5.874538677015844,A,0
64.41273289066116,66.75498992914704,7.933982751976786,14.049481279644285,A,1
35.6413784882056,9.553531383466819,9.897005353665348,18.13561796987827,A,0
61.63163752154959,62.3859324676573,48.810150934701475,12.077322769540528,C,1
50.10233061019587,45.17676787372291,79.44877783630284,38.03905055871858,A,0
40.18491348952049,58.66084631754741,15.580994525326009,11.550874706878707,B,0
54.62103474263271,16.801420774486342,70.9692620472867,34.42408863859198,C,0
51.9905969557347,73.68737449441821,11.635933921717486,42.40345061051237,B,1
43.99783122841205,86.27970775432286,19.412936579685727,22.282399733200585,D,1
50.69802084990019,21.673980009077564,7.686626129183659,49.661588793271974,C,0
46.1468640313824,9.571455552016172,30.689233859146338,36.72419812866422,B,0
51.13517345251248,2.3638586046336396,115.87001903928967,17.66046090707247,B,0
56.62130674521047,64.1971500443266,27.75185477430288,25.806347299908467,C,1
65.86016816145352,60.70940360887808,13.286322858200524,18.9464696727799,D,1
37.62184501173151,54.669741271407005,31.308168554264515,41.55398954279267,C,0
71.33033374656267,23.194709611597542,3.93473532756932,37.36665773648109,A,0
30.479122004774982,39.09059959055147,65.85475306998919,31.574326822413955,A,0
48.482149049644164,59.4476335186173,20.98002546609704,8.399329541065491,D,1
55.883172064845766,49.67668588591694,17.899662357183054,17.04002605691204,B,1
52.809918677350325,98.77855202148874,26.446882816198812,14.77675605532415,B,1
43.77300480179406,13.643975255673313,29.40759159455481,3.9946971742571042,B,0
47.918777496427246,69.51445540475937,2.234459617669949,10.329415178606531,C,1
45.06999065341167,40.431876810429216,34.4294018857314,10.515294927659564,C,0
44.106352430557884,42.819961492561475,8.309452976745314,22.786647909438923,D,0
58.496020970210246,71.75977656581762,37.547935838086005,40.368453719585894,A,1
53.57015485965047,69.24361513243696,51.86942141945157,18.54125091233029,B,1
43.070904047393455,99.12559937021884,48.882868379864384,23.563203212078125,A,1
58.995998754332504,12.839428945412523,24.122427092247076,23.568719520267642,C,0
53.072995208766095,10.410964938416633,22.029695401398907,25.56894500410284,C,0
58.1286211883896,72.43388171287411,4.625179048927527,27.731658935159587,C,1
56.29628841923612,57.83869170064091,44.795835229122844,49.29038584246122,A,1
41.710049890779274,27.416066655980586,9.499298073258196,22.461636012846697,D,0
44.39818959803031,7.9419368988986605,20.596793126991678,49.78941595164927,D,0
57.472936051232615,8.565824959643054,10.033739899912263,27.08167713466874,C,0
56.10370265433465,89.41908746641182,4.310165847218886,24.479665272925118,B,1
49.79098406035852,19.18673247187429,29.79172720427767,70.69398340941842,A,0
51.17327383308782,32.33715621155208,1.675912791777491,44.05181037535751,C,0
62.77664895788425,22.6656402226988,41.42669783754241,4.283204593560013,A,0
44.0842861116417,35.49963058319373,11.463597976616896,33.82887652701045,A,0
55.470973811700375,6.942384274609337,0.004041062292080211,10.93125928188253,D,0
47.97807347566106,51.90597909082704,21.469707384133358,27.90779756873904,C,0
47.8231879677278,6.76125635922149,1.4395497708375653,12.319567633573483,D,0
60.9877685198719,80.03565078223616,9.695943297293391,31.085490028701983,C,1
58.2541634898803,23.3712081910433,36.825072767799696,58.07638662086987,A,0
58.135096360006386,54.00119146045106,1.9422241397648035,35.20188680892029,D,1
63.05478807154329,88.00790875614582,54.853666926443594,21.16244883009573,A,1
50.21003841632759,65.08773690471942,0.1148171158918817,19.060156650468272,C,1
56.81952971294964,53.29577865513353,8.503685192744864,52.874061745044656,B,1
46.89733243406544,32.43337531153756,40.516705389333126,34.41654266410305,D,0
53.24166352488442,33.300191305819794,11.405771853592492,50.9483025220101,D,0
48.698569456323156,66.94869551981901,3.2239614823138054,38.88300984943921,A,1
50.96995964992718,99.41393612211675,13.399580026944239,24.862235523960223,A,1
55.95157025436914,66.18391898493786,9.457489154662682,32.585022418213924,B,1
41.81779316766527,55.77834173700249,55.49028411411088,61.614908984754216,D,0
70.9238727568546,73.06505102392461,11.277826358815194,26.37367830498125,C,1
39.93982618500298,46.52056122837182,46.66731473194052,18.21869445534877,C,0
37.85811387212268,6.0142342600785215,66.73322723112085,17.1892970512924,D,0
61.581108735000676,56.22968158779098,17.06516017629889,39.67058968120799,D,1
57.91662693962936,95.76252845053801,72.2194221948359,20.24517443898647,D,1
56.24119817052155,17.530294235765965,14.211582316785481,22.863765281597825,B,0
56.2834550926428,69.00048908206658,99.79250856506148,46.349070456281474,C,1
49.87753227153085,20.093368865905646,2.805907254370845,10.118673151915425,C,0
41.02745628514168,53.582768447308126,34.84840933979965,27.99184058289093,A,0
50.75804558193726,9.667644964671961,20.425535046934595,49.14679824608622,A,0
43.22838288487888,45.037093625818514,14.713479412875394,31.599410767455666,D,0
59.75119733417751,75.61633288952461,30.04826002215983,28.171942212286076,A,1
48.52942618497861,34.757152423898205,36.50739427905373,37.74191190742991,B,0
41.745028032074885,66.4911724487218,0.13118449475239238,32.31700330669986,C,1
46.78614158347007,79.54499607897291,5.47995967113627,24.53787438648542,C,1
54.12931454275624,92.71778194794527,37.45300593805999,5.079942872190077,A,1
44.36275447196025,23.464208185545353,32.93306655502417,38.93073782684028,D,0
41.77779604433569,39.931591580930814,101.48378823121624,9.094489894008023,A,0
52.436872114919126,15.241601333041743,42.94349573270222,40.66073344417187,D,0
52.44966571108723,99.24835021583752,90.33921265130637,4.913317291823275,B,1
44.9305682462887,92.70009679242953,36.37431608631262,13.406080555620095,C,1
45.289616943816775,53.99571302805596,10.616887470097945,31.13574232014944,B,0
52.32049937357636,84.20332943764213,3.340181346361077,23.475450753864354,C,1
35.51915658502676,52.09579772720422,45.67357728343442,20.6551447443036,B,0
35.92536225623445,62.35856880027597,30.99731392356075,68.1655268261712,A,0
42.81555778747564,8.912443211601662,1.4815696335462598,41.25868136483029,B,0
47.86552848288153,75.52704204968079,13.390978761232713,5.312104295972002,B,1
53.10907565598005,12.771348363523483,94.25731537632343,49.06190425090824,A,0
64.75356216949552,82.60676302525283,20.818493819650513,45.47962996448925,C,1
58.576596232020194,78.20280876703859,17.007551252176473,36.08149425945933,C,1
48.40061470036573,70.87446977429764,18.358055911499967,18.806662822322227,A,1
49.80983792097311,3.6160380524762115,7.029271777577874,39.6148132078496,B,0
39.97470635362191,30.31283559453286,13.799563576775105,28.41761625924747,B,0
49.8148686400761,26.311256991084285,13.852172533561122,43.65609916533659,B,0
47.11341361079862,36.01364074715191,1.6132602220829344,14.190926688076596,D,0
53.227185603380896,8.764274676383854,43.77467914839149,17.51299161196779,C,0
41.727690564476774,93.69578230310628,16.161552679913093,10.939522362794184,B,1
55.193465142411725,55.38022407123763,51.809485193486935,15.094659543979539,C,1
65.32738913002578,30.552431065802356,56.983280632165716,19.977115884535763,B,0
48.91239851543143,39.698151707428345,7.147489330621875,32.373719499724906,A,0
54.01711722098941,44.72025405048357,32.131677704139285,15.229284112134703,A,0
56.90143991711113,60.05943333606173,19.175785732822295,27.150653100697674,C,1
45.987795281141636,51.567942769649775,63.64711617907079,48.50993016333454,C,0
52.24092481810417,91.93919732144174,7.290466408988917,35.969416552293865,A,1
50.12592400781795,49.696348290583025,33.978713351503345,19.668016242726186,D,0
50.97676098548832,99.21580148233127,28.075838935292705,1.5531497830961472,A,1
42.26990216144534,85.14249577450957,10.499555861704769,27.998015932124037,B,1
50.245101742589426,20.85105143573358,4.406347274420626,18.606212320601692,D,0
54.979982912454496,93.05952146439162,31.635544907562853,11.690970530073955,A,1
64.51143607795042,11.636639788547608,40.25081261356413,28.672806899006137,D,0
59.59270826085207,81.74497084911916,11.377580719805302,45.24646695830735,D,1
71.53182457511556,38.06232934765801,31.054981880414946,17.17814712890066,D,1
42.326524371119504,87.79743204450695,15.082296617441024,41.98229253993504,C,1
58.723206367206785,86.80566901074504,37.46982512498251,23.346542109232406,A,1
51.83342005738352,80.59254001176211,6.66489377118213,34.30824449809528,C,1
71.89802933217672,79.00304363070614,66.27694185818974,47.99059691988199,C,1
41.91701714644849,30.46791390980408,10.165454782038562,1.5933791449791295,B,0
41.602781578192236,8.091928305125219,13.755819455650169,35.24481238715656,B,0
44.00607354555978,40.29801787651615,1.7954286853111827,65.77252418827442,D,0
28.76104275690193,17.35245149865087,3.547031290701341,53.79363637806488,D,0
44.74244978319239,69.49510889024617,21.76155263965218,12.275555219550162,B,1
42.40867338446302,34.609972653778556,9.342554016771738,31.62967511292953,B,0
51.50393786476208,97.56102008599149,54.141735232410184,71.82985797189214,A,1
53.41755975777159,64.0972077345332,0.4440721708332512,20.96374939492888,D,1
68.76170839215887,82.24805636343609,14.297269669641215,47.98413981078802,D,1
59.5042383818605,13.252467274184843,12.345048340249289,30.096354758337373,B,0
44.23096344337597,86.20144822726226,0.5855055500963134,21.998463055148424,A,1
41.01585328651642,92.27571905133944,3.9842946991376613,47.77410693154099,B,1
54.919191715065054,48.70619188189359,16.014777164272363,47.713328419013415,B,1
36.797667929793576,60.625293775097745,20.36931657701976,13.018424985566323,C,0
68.31458765854353,76.48098009029954,15.540026497191658,53.03993887030928,D,1
61.79440120721287,17.483862726041256,22.71058912539968,0.5368084450143832,A,0
45.30824347895295,50.25660764634424,27.125801638905504,21.42283776069361,C,0
32.868654709091224,39.86630277723131,0.29920171374458154,29.078800334020393,D,0
63.538723741654124,14.63739921622491,18.71396009899857,21.064687555536693,B,0
48.85460154747382,36.753442229153144,99.31266663028914,27.983118949271763,A,0
62.378163119734616,6.817230938549357,21.958653647544768,18.351478160566113,D,0
34.05572341205633,2.5811906949486985,33.95349639671689,26.322314115715507,B,0
44.00624977046227,13.516628915482276,11.213057390696411,42.00664284346136,C,0
50.05243699718183,96.31151115891738,44.615463920129926,27.754244114871156,A,1
50.46980593764742,54.952953589501696,44.4737827946904,62.362654781754465,D,1
45.49934528520756,96.582216115322,22.1001877860827,27.467473260098828,C,1
56.228499323474985,43.2497878330132,111.90832753607535,23.117562051690403,B,0
39.32379570617405,31.181613308525957,4.024812218531247,75.01009462025124,B,0
48.576205149787064,50.61418628402441,0.512787601754016,48.77031402753354,D,0
51.20295631711899,43.95116886329101,44.11092251879348,38.579893959303426,B,0
55.14438834058749,10.566468426174392,49.376139241978386,6.7547454294140845,A,0
57.1161487808889,64.08263146902063,3.8420666063541193,57.954353398202926,D,1
38.75357908162131,21.60381825095996,9.260341930441045,42.20781732681007,C,0
34.65885829264378,61.95879548978296,0.5312469811939501,10.76063974617847,D,0
62.77676821898509,65.02010923981534,10.414836475549698,37.37010222714219,D,1
53.323140119795916,15.20248531286481,44.502913563843364,13.742430887514978,C,0
42.51513463443446,6.134962711066816,21.8918782671621,53.27875402080797,B,0
65.51151975522524,78.07615860684398,12.835720292800248,55.024374657514905,C,1
51.156746342928585,45.98004237693202,13.944001894780962,45.27973205672552,A,0
61.792971840638266,5.816379550547579,0.04063628083043444,18.582648585372024,B,0
50.67518481410109,99.48663171697672,10.69170071733621,43.911412045465,D,1
70.60747924881987,5.778056099636664,31.19265259681552,8.755286918647077,B,0
67.55340842443204,69.50352288585532,109.7149636285554,30.255530983062435,B,1
47.51035851520926,98.36789252634136,56.33144995874074,22.692574261383392,A,1
59.71570950954356,23.918010421592562,0.716333502465495,22.079468487527212,B,0
56.45375949585147,14.224936868719617,68.64881247666776,9.32182061227306,B,0
63.68631557532349,12.138493942242889,45.86318072130457,29.187932762260267,B,0
40.35076539419896,30.327514756759555,45.47516545046999,12.935005514766454,D,0
56.86051459998439,10.10458110106467,18.374443585693378,19.306595004172767,B,0
60.58424486849588,69.2161341694132,15.225198779855871,38.41686148129106,C,1
32.41260513576886,6.229179813006269,10.825469099469391,29.001827036887377,B,0
38.16741487334225,50.94221281497897,2.038565719028126,19.685360478657664,A,0
29.607678222398995,99.66968538529768,7.772269512990825,13.166709988392618,B,1
47.305931655554424,81.39702695060188,8.494914255028,34.57640572822914,B,1
57.17542255795962,61.52194382310109,19.85393653678101,35.98740706896604,D,1
65.02357052096028,30.625362078661166,41.28371647820147,16.974687545557586,C,0
50.74094780419775,62.389583629163845,19.262777658469645,20.723311870103757,B,1
66.28615545571292,52.70414639116516,1.7875467018745224,29.790504425066526,C,1
36.198985417851084,42.60833838903715,94.9528021319027,12.899233875418872,A,0
32.96617560644845,13.071037674019948,85.79637487056131,32.571217027475754,D,0
49.44452301103381,88.66042152404667,46.139977071837535,11.183973069886616,C,1
53.840654489393074,44.97846488213225,142.4293345007983,14.440003664758457,D,0
49.67305251905907,19.462251182076507,23.58962329938869,0.7274704741306602,B,0
29.325578999601234,36.77593508772896,98.717882393487,13.863910240454763,A,0
49.10879960487212,41.4129752528927,2.3584756034750947,4.68492653975621,D,0
36.95530499495147,82.75378955668742,13.656086989388307,20.079260746707877,B,1
56.69672548830039,73.3614380561402,7.661529881957732,17.154965153338303,C,1
53.66598246096848,76.93048936413398,6.538452736569246,5.177184339479075,A,1
40.60120213672645,1.1031264428647214,4.55270962113255,27.03666863748114,A,0
44.861330826633065,41.615399817976154,29.218679171759433,52.79243840181365,C,0
39.40786478111048,48.13441516353236,45.604628733694796,66.78969467219103,C,0
49.37320902726828,1.9192276823056686,25.903719680874804,6.144969359913295,A,0
59.551423205012384,25.98132087450342,4.768560470034755,30.905677825642492,D,0
40.14273953664456,76.0289823122135,49.999900374439626,35.27065663574891,A,1
55.040465155178445,13.710970572899905,30.31430964652191,40.359326057619214,C,0
44.69742381627559,53.531013145259166,14.738813843333425,21.44326153952466,D,0
42.07127167737656,21.52018720172375,33.63772971201204,34.0843697943177,B,0
48.929696400454425,1.2120774643893273,9.029300837961515,41.23610876195106,A,0
39.64757677580626,24.12014575995415,12.702406034818885,57.24359543433041,C,0
44.46350694652818,97.58737549100537,74.84356205888115,29.297887359138556,B,1
38.021221074111516,80.15371118829896,10.29603398671392,3.928016313148428,A,1
69.6472513291639,95.95766443210334,19.045684113896826,22.325775316575854,A,1
50.35263551971729,48.785404392636245,66.25676412785252,33.99068359357701,D,0
43.00274492007414,10.973619867750351,36.901429555311964,18.36811871877602,C,0
52.13979910734222,54.79594889736929,1.9266603742221824,38.85662769655529,B,1
48.8767195030917,45.43773345599609,4.780531902139673,8.462733526759525,A,0
47.79030400466777,84.4357082739616,0.23617493171920845,64.34052833138456,D,1
56.14166700043425,9.808258078424458,29.902401204044743,17.970506049704415,B,0
57.57507710047305,48.82411370217782,17.80847361030701,9.904549474311219,B,1
44.69498852389472,15.004866469398426,4.325634017703105,13.20147770620504,A,0
44.2418175935532,32.467592689006,95.05555029945667,48.652417688230656,B,0
47.24948302848356,73.73570773877996,22.62896563885388,14.214708714319613,A,1
26.98078835264415,47.601812936876655,8.307933909276143,32.032258218771446,D,0
34.84808937801448,37.58882851457693,20.83065156157547,58.34896095027,D,0
63.66874267444525,39.44762785700353,34.14745578819769,12.776866366844377,B,1
66.44967713501283,45.94467684059866,2.379064043101524,51.11639862554721,A,1
47.50963960443622,78.50165438370568,9.635255297552787,40.87543521031225,C,1
55.765569630557664,89.20846889402344,49.34658907052556,4.062935717394039,D,1
53.112501545435364,95.53346865039283,18.466971646720417,43.84009709406227,A,1
80.78880808455239,78.6903386255295,23.727903828174107,44.3526823896116,A,1
61.195749114345766,31.540689574801274,17.012145504069338,3.5930195465749235,A,0
48.72082408519233,68.81347060865421,1.3467812670047108,25.996915860043185,B,1
40.44459559399574,43.760312405539196,5.43665692275581,28.84957018176471,C,0
33.93553679742428,25.467062204605117,17.692907022668283,20.906870283677964,B,0
52.03463635867223,84.08715794259226,7.04075424747072,18.510293303371547,D,1
42.436492547156966,3.8426348962324997,1.5381365860838052,7.187748488844417,B,0
35.77746290402326,90.17619921354235,55.66968139162292,34.77245645641516,A,1
43.534271157574736,46.147746462473414,119.20503309585719,0.9063576455491072,B,0
39.18451996385605,63.72014768082804,47.27180809703227,27.07572855994038,A,1
66.87141635072564,65.93539222057827,57.68029806808434,20.617001108208978,C,1
58.816397569494505,89.51177407065364,8.31125168127634,23.538928965900958,B,1
49.92027358683383,63.66696821672073,97.04023064576364,37.027859563450846,B,1
64.79944138890026,61.39335847600618,6.579241405241347,20.744051778707874,B,1
50.77368307647618,6.665204056068996,90.74235954606155,33.200075489313626,A,0
41.38715798671736,51.84080219452041,157.88441795967884,24.355644163812606,A,0
65.23124077269657,15.016900081704165,37.31498345054046,18.29287440841704,B,0
55.38910043684659,73.74337687214856,119.12729668279339,26.544838867192205,B,1
39.62753845673544,51.22219208126745,25.287010876782187,37.129727106454716,C,0
48.09661321916392,68.02277792083532,9.014582174769586,33.93430997282359,C,1
41.24381746615243,4.167290060238427,17.23405028978429,1.610866484751807,D,0
36.172002690356635,8.479201604580322,27.009637912848532,37.00401819965376,C,0
59.26177547531641,71.63233880626822,2.2766910664153164,30.93305217887315,C,1
69.0941664047013,7.208433599867337,29.21308810184853,3.437692998017593,C,0
36.01432426180859,7.12567277652586,119.18160623626164,40.80696401915166,A,0
55.62969236690571,1.210847523488745,6.325618233460011,28.691050458305856,C,0
43.49357430878173,95.65013982994802,47.19247308468735,62.73568756267822,C,1
45.12874616235304,73.75083594590069,71.54601716853772,13.000318586576288,B,1
44.07606075761131,35.32514085020642,86.31267107677488,36.83496292231811,A,0
41.36009230320184,29.65355812876552,96.66815083344596,20.681781732201703,D,0
50.48521627944827,34.97032297458495,22.11044166170863,50.17603426553671,D,0
41.69049883588962,77.46535311811819,113.57216354578068,25.704534872496765,C,1
52.704568257798385,66.13706110704143,42.479136711725204,60.41340990775811,D,1
49.49761890550863,18.519556786746794,5.290355234425688,7.846811578243269,D,0
47.6105195313359,17.410933533408436,19.43948496414961,29.559458383927883,D,0
40.92436337958402,9.839564971339732,38.01069836763756,36.84777016469394,C,0
44.23228669431667,66.03027197013381,8.524262999393876,39.310715634519816,D,1
57.55391225825756,76.43726622217359,30.700846573840586,52.9186384271065,C,1
55.009171876243805,26.5046428325004,32.95241236556889,30.996582592299404,B,0
40.22444755201449,2.094496103091281,5.327176313955288,5.67761306426929,B,0
50.99332305429226,8.217166747642734,24.978161631259738,15.550031250253408,D,0
57.51387123371789,96.78600348450304,44.303238961241874,9.49941831727461,B,1
33.305947188786284,29.544477747742025,20.72822835479808,65.94625321905625,C,0
55.43360192379935,76.92231478381336,0.36530867663100997,23.492957049674605,B,1
43.37376241054153,62.46635688542638,0.27238691552712857,20.24783509487901,D,1
55.70598668593159,38.19396396528959,13.249685754603203,34.119850118462985,C,0
42.367408434574834,20.56872621955551,78.18948531157206,37.129308732506935,A,0
31.95117899335481,12.138641815940643,7.7894331289175085,25.79043518687058,C,0
33.72457562116837,61.50129680388666,30.1834837516566,32.84364233508818,B,0
50.48084946661382,77.4633780637788,7.533788391915292,41.97319573933808,A,1
52.59722501721482,64.39042535411306,11.643641056396671,13.084133584036515,C,1
40.956833748955916,53.030213324915835,56.524551052623764,32.7505748501498,A,0
56.38592458777374,4.195122343163627,39.153759168791915,30.90666018759184,A,0
33.3847993773104,96.84887775943838,3.0078486911000692,44.329564184438084,A,1
49.33920201352684,79.87141916545745,16.795330523405358,45.19539718395333,C,1
37.889838002375434,29.282203670096475,0.8881097940675641,17.662501625710235,B,0
43.48163892197841,97.99703293588506,19.669192639074172,6.628959192412616,C,1
50.47398671316414,60.18815896363221,32.579828006866364,26.60565893616861,B,1
41.39586634716048,58.24226582072465,3.7839976031087525,35.0135842218205,C,0
46.154444557701744,74.8073179429532,10.227630969811035,51.60959312188699,C,1
60.0629280921444,81.17697880901376,15.21679452848551,10.97055673936324,C,1
44.23108130476851,65.64786073315027,75.5965070489133,6.263991629038376,B,1
58.35692112065142,12.809574636620003,149.9686822770705,13.255741096760387,C,0
38.702931453423815,33.82675059944984,1.3785318654504821,5.832776626883096,A,0
55.298041779152825,92.80836403260497,42.93974640901723,32.54025124454355,C,1
64.41568620657901,22.461561184385193,13.943274729164669,28.860452011995314,A,0
25.283554998727105,37.21670238375133,14.950028306525192,35.31826886204156,D,0
42.03104744529523,43.2076882944196,42.105043529860254,13.398942398866827,D,0
55.7707212718054,43.940498969445215,75.18749978511518,40.67854267970843,B,0
47.96954613957007,61.29395824945255,90.43436359761618,15.629445451515767,B,1
53.71145873371309,94.30758377447076,25.820188303363913,29.695838258246553,D,1
43.960148132841795,24.069271183250496,13.25397001948242,64.34014985611502,C,0
50.865897874729,12.150137630091805,46.47132928731296,14.212150321881287,C,0
48.44322764607921,19.747048985993732,8.670544268363184,16.699735743790217,C,0
61.67782061659807,88.69249002092695,24.908485228553204,12.969655149386995,D,1
52.54420843301213,64.5810812655206,13.322052356299608,17.82872715496214,A,1
53.37602662075202,28.590678923916013,32.068494689633816,17.07652951825317,B,0
45.881230338775325,81.59469389686173,8.24885606665529,18.526477559652793,A,1
45.123937759275066,86.1369996363436,6.380687018533278,21.89311178868813,D,1
45.67441812180379,84.6514338690278,75.1186794536906,33.82750971926416,A,1
53.944521423782966,91.89265336395545,3.2209985611137535,46.04493989406266,C,1
45.79015519179737,25.224102017336158,21.15403675229453,30.110227435041075,C,0
52.89774856896413,75.50419287462783,7.486658066715754,24.097964885512326,A,1
70.75400798645438,46.053949727414,1.1912398114159994,4.185941154216503,D,1
58.711247034316926,84.19985528900615,1.100505168339813,64.9237693775418,A,1
46.73976467832159,72.84906771616131,5.779222303749806,28.107209061793668,C,1
62.012139221639444,77.64474464997247,60.47042945612168,29.134280698889402,C,1
45.91924626978449,65.61618376810715,9.958581200041483,54.629261179066624,D,1
29.61875464822146,17.742876946970686,90.14874337607279,18.96896141594288,A,0
39.91913689082596,54.502691889693835,26.141119475215913,24.859690389605777,C,0
31.292080789741444,98.46697395245081,17.21371829445263,43.922108988887906,C,1
46.48486515958692,93.73880664971189,26.031363035823098,46.36069255533359,A,1
50.184183791895514,4.317373579701167,21.813430769852598,26.725772699452076,A,0
66.76437312275283,16.481481572943714,42.66091105648045,28.19303733536357,B,0
53.269273737641626,13.172877345456191,9.959305451961793,56.927302280789945,D,0
47.80899471191136,72.59799099852955,13.064606175678797,22.367008867922618,D,1
58.294055811834895,81.77853298569451,67.35618682141562,23.061271313703678,A,1
27.88864690992115,21.35113663106719,87.81783350832451,35.31544202561912,D,0
52.356145581085656,50.5852692951829,66.92418687591922,23.214236376262242,C,1
57.708651938869664,84.07030280112,16.31327680492482,23.843899928388844,A,1
35.214137542201584,73.28015447662506,45.47371474654582,36.52633211887469,A,1
61.43754043206929,54.223720549184826,19.40713537235045,41.33211757037022,A,1
53.38496407494414,59.03476904587729,20.647168498421088,14.127774994692722,B,1
45.847120860991986,50.83605469162799,6.870326001481352,27.89410612672031,D,0
56.32781866106285,29.754845131882057,26.830762907219825,47.70180100982217,B,0
72.70692857804396,56.50219928590161,6.1788563242299235,36.1797462056256,C,1
51.81866255058495,68.88853020500906,12.084470087187551,29.61979733556478,D,1
52.48220586300336,87.33229158608077,57.93689535871065,34.62252555015791,B,1
45.40639100459756,63.629135397924806,6.9608297973930915,10.846004019288348,A,1
41.50155630535208,76.1121537043158,2.2145081100907884,22.69082815991945,B,1
58.303358165442454,16.0071634954573,2.1451247120686388,15.051581206901055,A,0
41.43916174091133,46.15574744197899,84.79716879850638,29.450633404439085,B,0
50.715662372193925,0.9331619827093296,21.212542035473987,53.62160322633829,B,0
45.223425532348834,24.667886452162303,15.799102494049912,13.751560636675203,B,0
54.78979825746392,72.64617151130048,49.96098124985499,26.431929318681085,A,1
53.33662105286948,99.18099513493634,54.20483996642909,16.674076091080735,B,1
60.375399442578995,9.917809958721591,12.112593721886627,12.875606452853877,D,0
44.89983601145253,40.14943158612883,35.48768331499046,32.68563949085386,D,0
47.30125064706629,80.00709686991596,44.23709199177786,11.576307637312196,D,1
40.21236284217693,20.403563462889885,31.895966170416617,33.84170503055753,A,0
45.55706739923888,55.50849493022862,4.9319175308414795,35.98383820137326,A,1
53.77300493044852,73.30712960296748,62.59593848225844,17.378302708345014,D,1
57.56988616645352,61.5985450260179,23.236870817127713,27.830288167377248,D,1
40.77834675822375,18.802473461541613,9.95831705821331,67.41949637316156,D,0
58.6960592010566,35.538456868573945,16.613464835633042,3.6352156771953603,C,0
63.55637858804951,78.37917844853972,1.1488522710810682,22.449436638611182,D,1
54.13434903223701,55.42265141320166,4.10439347539992,59.83467250653779,B,1
68.76795812558066,0.5229613542912737,43.51497220536421,34.66360764254814,C,0
42.26210800896427,76.09907600280938,0.0003490446915129697,40.31675737816288,C,1
37.55345296688583,3.531135494023907,16.164709506398133,52.804995515156484,A,0
32.212797510957216,74.57337827312321,22.176373228016192,45.99431294093182,B,1
64.96044311489183,20.24805601652374,1.6855070746949075,33.546094783887995,A,0
56.54365656354058,95.80734801193802,108.44452608836326,39.011958551637285,A,1
49.44415329089545,36.79407513020845,7.690360355493384,14.652283416598802,B,0
52.799686263198204,32.69316163380791,10.880735284025105,23.358324898373144,A,0
38.74510952701623,14.888805033244468,10.869690741718758,53.55852061194166,B,0
74.45751979616827,30.560421549021488,7.8571809067618394,54.58906890817872,B,1
51.292211819752275,87.66507618282006,0.04424727691155174,29.324689662939285,A,1
51.09394794604893,99.63343376272474,39.20728713224062,26.06005376897788,D,1
57.25766623898692,36.83095305068483,102.19730456708247,14.618807443405762,A,0
54.810092317367136,44.861063095454256,7.61943091332633,38.35829196286626,C,0
52.23884024279131,72.2070938202737,32.634371803817615,3.7206287908734454,A,1
42.09525544554688,88.61957804650746,40.631818238418724,15.265935678690292,B,1
54.714683571359956,59.304433418678414,56.600316841111045,32.90940172659268,C,1
68.82024496475034,39.15256981778293,16.478117381616766,30.34090510352169,B,1
63.454200461549775,41.262184084862376,10.826122261780476,26.62427753170681,D,1
65.93186626639397,69.56181464968068,11.804397579439062,23.935286409338104,D,1
44.88784323568815,0.32182636042786816,37.4086360797727,6.726024683917943,C,0
40.10395179741419,61.95893374598407,50.91194251890159,54.211489009809185,D,1
48.74213079900352,35.54930104413574,6.012633949249195,16.6930655302071,D,0
50.557249122886944,79.41973312770843,13.905907199003412,31.25025751898585,A,1
60.94191518470949,9.299063982313216,69.66533247531099,57.54859263203815,A,0
33.07535370285181,58.82022669483905,49.30435106188112,42.5088965795164,D,0
65.29550319460614,48.09728898861238,125.70928616047128,60.34669008975112,D,1
48.419921014210104,64.23255259052274,42.10300314960123,16.44219334624456,A,1
45.7311893005258,6.485359448296835,14.986443686509933,20.86997984846618,D,0
39.87895624739832,57.99837874281313,26.79465069899874,48.07181886073227,D,0
33.451433281342304,56.14845879595237,32.45391661238773,25.076845023001688,B,0
58.231705839619146,56.06600944161709,2.4511366636449337,13.701348082005577,D,1
50.73317967188404,60.34876665964548,23.590586590572315,62.45064211462499,C,1
37.10039100258946,67.64679372263622,37.06605370070483,19.181205542314082,B,1
37.04921227936384,80.49889996807697,5.493222909388341,29.920832157165638,C,1
46.64215300709872,26.982072012821433,45.51009917922335,26.848915928564885,D,0
66.69021525289392,82.5049410180062,26.295719014408284,31.44923311622377,A,1
47.40408648636395,49.82556822634536,91.23556533331542,16.63592123039952,B,0
34.96857046881894,7.705827913433117,1.3004523156633752,3.5179780799361633,A,0
47.54256935914056,5.85509292439792,9.24985808428314,34.58810311827689,B,0
47.27276430252329,33.42383186960608,27.605489854867315,34.84719423435887,A,0
23.031133570584284,78.48969771114676,10.553177073139057,8.214105244379034,B,1
49.45705133482188,70.76809347409157,37.59742980566277,21.57152675400865,B,1
47.69065469791322,78.86149646724064,42.689407947295436,8.269297157896618,C,1
56.96206364813418,51.72690564416094,3.2447983811578225,41.67176195864318,A,1
68.48956094945345,44.01989979554906,21.637417306352276,8.79826518620379,C,1
61.26565029547757,14.745252670628394,21.332648249694465,35.30655050389947,C,0
47.31111309445169,32.81927536093116,13.826834285617704,38.241656334813186,A,0
38.934740912583294,43.40193661738753,81.05825501301527,25.37913909739236,B,0
75.7335980324986,8.860042967961723,52.72184040384245,60.667846003109624,C,0
50.59218434014488,22.061195271121125,35.84141225245139,1.9293773873010476,A,0
50.13929291912946,59.82252940637388,37.58718611476649,41.87109793560707,B,1
49.758749128899964,73.56631142391899,18.581077326878276,34.03779918999732,C,1
51.98084760767855,99.83475113929497,76.14714227136113,48.48744923943458,C,1
48.556395880760576,93.31133313435576,35.58353740002627,61.46509543014494,C,1
44.26337993119763,64.25651995351916,39.166997320658496,28.244542696617415,B,1
44.53141058759608,42.1248053294072,59.34792812614715,23.873026417379783,C,0
49.672467297840015,63.617736470823274,9.609116307863236,53.669352878427276,B,1
44.56575228866235,78.56516180802319,49.362976053737974,16.882476789617254,D,1
42.871542173228356,11.833619092338733,6.516357956970998,42.1936365707615,C,0
51.064302276918966,40.99048896962883,12.709267324980434,32.649520209421794,D,0
47.450227825791444,83.98022856356172,12.266599088106837,56.654981077198116,A,1
65.0399298858269,38.3832951933044,115.22662866757847,7.14647231169887,C,1
23.490301916069882,57.18722712271865,58.250390291173275,6.151737848121615,A,0
60.91506851922462,58.77693608621982,36.23639897954664,20.76698374564722,A,1
62.46085192497629,18.447625313363936,38.95474270260643,27.820649078075316,A,0
29.266097675918505,36.22354416522884,24.771077390523928,38.76273011228859,D,0
46.573124059196516,33.451128874193216,88.17526591527604,13.732166561977882,B,0
46.28559134004209,2.6196708532064794,20.570776239631677,4.255493968319861,D,0
35.924883052821784,2.4191763891355245,14.366134970465126,70.27228461514909,D,0
42.22183312409125,83.16970436757735,5.339202838204551,20.317663544645967,A,1
38.894241545341714,27.30708099728124,46.282221536493594,46.3688621891993,C,0
67.52270443423623,51.80787662388154,39.777878459166075,12.020468764069948,B,1
59.35678393147461,29.872557358877305,14.552545285472528,22.82859972837797,A,0
62.71555094994159,94.06792451153404,0.7654860286317323,8.954028761679938,B,1
57.21672064043235,25.929675886577375,54.790029483319245,64.89173234820785,D,0
38.70948228782771,42.96568127389351,0.34451007312790666,18.62663953948182,B,0
44.75479733720226,87.27302504846018,36.491462419807135,6.984079086096595,B,1
54.89374561227918,84.19335667918087,105.45495473819436,54.52485679678547,C,1
37.778721911080545,18.610141784627732,17.269529749108766,20.76662094351378,A,0
57.12998430172388,80.26433097957104,8.035340431461208,58.466352523302845,B,1
47.59674601841865,45.81868867378927,36.61028292359394,34.27464554989851,B,0
46.251791924504026,48.29688720853552,50.969088030279764,28.745988068587547,D,0
57.10959968203491,13.347997241594378,23.718190895667018,42.033422198834224,D,0
54.4426331148604,8.060151375712465,102.3695170920925,15.739539363225663,B,0
46.3903383418092,72.79393069737652,1.5915416412768493,19.476272087640538,A,1
61.59329803364248,49.646115235529976,21.08354006785721,30.06972383626088,B,1
39.189366724001026,43.68507026151796,38.023777420493346,41.727790375865325,B,0
56.15935606944264,72.95082286523967,59.55460477292037,27.909865689419444,C,1
55.93101257968384,76.55128989911097,5.926306804798647,4.437767225674529,A,1
46.904535606860094,15.890816766935355,48.28365964212128,30.86928661865369,C,0
53.26133022242118,61.02251494776413,24.136247621994894,21.988137682584608,A,1
37.488864236146966,13.535408227768553,15.152945805083379,27.79642391875149,A,0
59.24027019206901,75.13750860290457,4.237059303434782,24.802811702810665,A,1
48.15097863557011,65.69551562671396,60.14021131812765,24.39313657508924,C,1
44.772769794809605,95.6614621083458,5.1333739162893295,28.669068665997795,C,1
60.49009225836889,6.895801635642118,11.122688346672973,45.677590314148766,C,0
42.95656309457241,5.705472115125431,10.276633215831625,11.57562816214143,D,0
35.91538703636441,28.218707469320016,61.5347281110093,21.332273652689306,C,0
34.433708264760966,26.170568373590598,33.50661737178388,10.900919371050446,D,0
56.06009951345639,24.697879907199983,47.78943174931922,20.70014398483526,D,0
37.19570647503717,90.62545805210367,8.649183965796787,27.856890114410344,D,1
67.54794181984364,24.95461998495061,29.414807249296985,11.69248202694525,B,0
29.18070592116278,27.1949726128631,25.441162863676077,31.549142985616623,B,0
66.96456368290038,75.93982624179637,53.662388225787524,31.622120446438366,B,1
52.11017467202618,44.973984245054,70.96161303630223,13.422725697303834,D,0
49.032868881296075,77.67105569551812,0.3669380822691375,22.30419324819254,D,1
44.550809131910505,6.536615756438524,33.62757002668608,4.385571218266866,A,0
53.991361143520706,48.75711936733843,1.5968275213866823,13.662661344028932,D,1
49.62365297575152,3.3613600183282633,23.87923822109669,19.35168773138802,B,0
61.03301882016521,6.265320345535452,10.17485011709658,17.53686069103065,D,0
51.142276486620396,90.64374533444109,10.992088935883856,5.910023636451087,D,1
51.50301761461878,13.924537111759516,13.060345490373514,10.248072450369504,A,0
46.36387787786144,53.24206822752171,29.129730154147836,22.2156038083459,D,0
49.43054376278933,41.10956026007065,12.19621904348502,50.00285008772033,C,0
53.07801768892059,34.73433262588427,39.58140311978306,40.091269066913185,A,0
32.89831607343375,89.98333456872724,15.551996363214876,27.14066205793128,D,1
36.518145778942866,2.18233967754895,2.1240451924076638,36.171810344678384,D,0
57.43264094022715,66.37896861755891,45.94096945750001,52.5270632394125,A,1
51.708654381279416,96.33944342135504,10.096016788551415,9.372930398294125,D,1
48.16016663647321,56.016818346184195,17.009547379828287,54.165928731039244,B,1
50.184339330653934,93.68224620330918,34.69778361095477,37.5962763358341,C,1
53.47581705361671,5.225787928602377,12.124506260714934,45.74049041565562,C,0
44.60240319690639,41.87933190741614,1.7474911147169427,10.113053816123028,B,0
42.216952745976876,26.015779096205115,14.04836378556442,19.827537557687062,D,0
51.958452550976816,73.08209649807299,86.71338747504097,44.17852325659172,D,1
40.21627222384968,98.12970904972467,30.794419820133363,25.460602075477478,C,1
54.082527557144715,25.65300624442478,33.39464906085124,23.121024686283924,D,0
32.9741639576216,65.41746014740745,30.013180702084156,52.68198911496275,C,0
60.29155637325644,19.809763275974014,6.656535537863178,23.33083074794687,C,0
54.72597482413043,56.53302545716099,16.255759365326767,31.115695134245584,B,1
52.56029734313876,46.39324866883362,41.70181914296022,52.4666091044456,C,0
59.82690983945514,97.2005329631537,3.206613661630909,55.974819632807204,D,1
66.65474444462576,60.85272726964666,9.76578748929885,13.000533513897384,D,1
60.1437006501813,34.950637208681876,9.70214223924306,22.66906582078569,A,0
31.591257686683548,11.409578488793336,16.970015521379427,39.42268652361112,D,0
37.204230332642986,15.124682873493455,117.91896399838967,59.65756479476296,A,0
43.75181422304321,22.53169299512351,2.0966657548836896,13.26139166973097,C,0
50.26091050210834,25.0966661340298,21.937997061178418,40.25938354059749,D,0
55.17659020469123,85.06160578411378,5.930293820265339,23.855608755377553,B,1
42.742561868465344,56.12227882825249,105.88102755677322,52.07941326840836,B,0
51.86766764477078,52.33909113743665,3.6075757546662754,14.495928591700528,B,1
42.44617067646678,11.476887186921747,15.505361303392162,53.008511662388315,C,0
43.884821970080516,86.0139693349435,40.16915647103124,39.11389771858987,C,1
35.93338903151778,72.28143032084837,36.57811946109468,21.296874618134353,A,1
40.76766753889096,6.766836190000158,16.48328469059729,6.885748190542336,B,0
36.48315394383666,70.78350972297687,12.763491867954613,34.95093655024614,A,1
40.241267470226674,54.353821734264606,15.205624543023777,25.38970213381382,A,0
60.536417966078396,8.172534574677826,9.20701764810118,4.99665015511726,D,0
40.50601111168057,45.830064152865646,6.894961286140124,53.90471040258038,D,0
76.32382064837391,48.469628713004695,19.793675756051403,21.800874720101778,B,1
54.93317900880889,16.577454016327575,9.381126178618054,51.18208698936792,C,0
51.84836123694874,94.56981470002823,10.167646939011414,36.383550059999706,D,1
41.41642219818787,84.99753714806619,32.07941698149553,54.451120717823166,C,1
57.003098794089915,66.90223373291083,103.76860707918947,2.1424560859513444,A,1
44.24362173762226,46.22955610006072,27.76275980828002,30.393615862501594,A,0
51.220098146453616,41.17655415845085,2.4031139657983527,65.20465348706162,A,0
75.60084538268795,65.09734671509541,2.3577802346565324,14.106139002088291,A,1
49.0394010027535,54.543186940690546,90.73828972297291,29.87765014304245,B,1
61.49273326285676,6.227310588188562,10.584363441550783,9.442851918802523,A,0
42.96823574874112,51.25026487703317,2.897540289624203,63.59035595895273,D,0
49.65011509503038,80.64036172328395,27.417151432764722,21.821606088093304,A,1
67.7080063563551,45.923987759695805,29.316974139017518,31.5482416206224,C,1
43.730329422122324,5.195657755426842,31.366778424693955,26.070792612118883,D,0
68.12448557996929,78.6278199384033,9.334745900086979,42.24273898295277,C,1
57.07751935455475,20.13637821359744,0.4567804165467334,17.082926524558278,C,0
44.37533224105732,25.862083488803876,100.58539323623889,25.65863199801682,B,0
56.32407739055521,16.47063534322959,8.666205285577975,26.515744336502017,B,0
59.7255444962673,33.02150648714976,33.812787073384825,6.069065270309633,C,0
56.21809962217196,75.6751505688635,36.78960673350228,3.981419539660806,C,1
34.297752801095434,51.93858595039374,28.24882674575459,33.542493553849475,A,0
42.728628241751316,20.488127415071254,11.258585954522676,4.610898882254193,D,0
47.52481364448495,87.78300781520409,9.486407730976978,22.876947246039812,A,1
49.25566570899954,87.95818549515292,27.31435089661077,12.774179627077423,B,1
56.206720975506784,87.05784250460069,60.318882524819706,28.801554640281367,B,1
51.777010009332535,23.87962113815393,87.9735588282769,41.48286839675103,A,0
36.64655641289899,45.12393441809881,3.358324354722814,41.251932053222404,D,0
53.801978510059634,98.49896561408751,5.04647540589291,32.3821357478851,C,1
56.10585745283823,77.20124763099903,86.86914779096757,31.353705931765425,A,1
55.5979044793104,2.716742122555982,40.01506841426168,44.00307639755862,B,0
60.807807255546216,6.5204591260492055,64.36585699033341,32.12658186958191,D,0
58.33922154548904,46.39313768123328,6.793193116499762,18.06338066103015,B,1
54.59180079228437,90.92202058615601,26.57181801794127,4.570184569445863,D,1
49.29834288541353,53.870179795271426,36.233360567132436,48.56923468537113,D,1
33.39039066484008,49.781250803429025,34.19351959047533,65.18362739185918,D,0
54.296182191325855,10.547369995663058,15.735147345118301,19.314955151795594,A,0
52.076876871631114,65.6780104724294,0.4654387039324492,20.605113739292037,A,1
52.715788371953735,82.21031606002255,26.234752532720137,4.119536324293344,A,1
37.232514241796906,38.04200075075623,8.754780971355435,20.56788360416841,D,0
39.189434595917376,77.56118509253275,17.94898120043101,25.109787232048447,D,1
60.53152853332904,96.44766539008116,94.8047777850163,13.708514515114265,B,1
49.60444846143345,20.376645912768907,15.276573329091365,13.027400524247831,C,0
56.81500697372624,52.33296311947413,54.940268205433256,27.226555093312328,A,1
50.28318376130461,28.713795808457554,6.267627935138896,24.611140006925435,D,0
50.297561394957455,79.28544190338394,33.484398433889176,14.120210922988848,B,1
59.382838059759976,57.75933658811575,113.17690427056993,48.611459921711756,B,1
44.83955271782626,63.45824175503038,3.2239852926188286,1.4780399990921698,B,1
50.96120776940983,79.79141596158941,0.2506423837573457,45.39745004458399,A,1
45.377247112949576,39.59704726624549,17.052730704752065,14.23233410525009,A,0
45.65503772567684,91.50900684070432,2.9159998721582996,24.148516808347146,C,1
46.908278765313604,53.302886724614,41.39557658687283,33.406224991965594,B,1
52.22133771633713,15.7954822835348,73.79424698688948,28.108809171126843,A,0
45.212513783365225,69.58991181688025,17.07594767163713,20.612937316352532,B,1
62.55756125573521,79.32613504382545,8.980967474859577,18.51448303269187,D,1
41.05392697780496,31.67616770675267,17.096220976000364,24.593288911295918,B,0
48.13128355838641,85.7179256998753,38.56067255868178,43.82524363063503,C,1
45.60268941725825,90.61432547657664,0.2728619882168583,34.90695177338801,A,1
64.46977884353733,27.690448737780894,26.70801816868434,11.797091530700014,D,0
51.965547765115744,98.3521472715222,28.502537335564373,55.475133751516246,A,1
60.31844539468635,14.071152804875842,30.457507240595035,7.677377226121533,D,0
35.14439626963028,20.201566840248997,8.313030690792049,48.397463967689056,B,0
52.67050265869259,18.422483923802613,37.5584349789701,36.7693437855412,B,0
58.89630795623437,89.39897100078704,2.87522866817508,8.133912099374866,C,1
50.82283989275424,65.42925523249619,6.6669566276819525,45.55342931594335,C,1
60.654803750653514,15.210428322227287,62.981992853415626,37.40042746314323,D,0
44.82711549899628,44.032341836834895,40.265241259359875,34.039059318099795,C,0
64.0934744018558,61.529802506980204,0.4152269657677945,14.67751624799286,C,1
72.9889812361925,8.34640849893833,8.565582794510423,26.731000106425494,C,0
46.37161439560341,88.24163684073388,7.239473227754179,16.045474274024674,C,1
45.54497478599228,80.36035354415351,9.474477428078334,30.505491860505536,B,1
64.533844771177,50.52067735766382,8.533011433713673,10.389755243693713,C,1
65.79572145730712,96.71266152591704,1.936997109699441,58.56177790771253,B,1
44.771399728467316,41.77609792750997,18.426781660264066,28.277292831949335,B,0
45.798131829041424,98.41103190364979,39.58526690097811,21.349160042160204,A,1
47.18215391139493,66.79199988036271,27.99789797084752,35.59589768372399,B,1
36.555494889657226,63.467127325394145,33.522082029094406,57.345957338536635,B,1
40.81348053515802,16.5954895295785,2.538944904845849,16.39735907199302,C,0
39.95859233247932,88.1927758304644,90.77999869902041,41.380820189462774,B,1
42.32202434895871,42.74896879206152,54.69598719474868,29.331542185761876,D,0
49.65315112613219,16.223340578247935,49.056569984645925,24.207956740808186,C,0
52.342147325365204,1.260751997575904,51.945421609641926,2.7126752195815738,C,0
65.50500492814076,55.975568363838256,80.96253579589151,33.06799193500325,C,1
40.016459592612094,52.739962212267635,23.574587035501057,40.271808547001314,A,0
59.843223984765835,71.93536223691585,6.704884073980411,49.027942323195845,C,1
47.86011155774491,89.02580530178021,28.77466370392735,40.97408355054224,B,1
49.50536290347567,7.9406584643029525,40.74654558704506,23.165967049274276,D,0
56.74819492166604,73.14964903403623,40.17286597120202,13.816533619505018,C,1
38.772779784377015,18.741194409758222,22.109776235901457,3.1426297406720205,C,0
53.82409746184051,85.8177053157164,2.1274432076111123,42.13183685883099,D,1
51.66452208213056,81.90635138616561,13.914107722688835,33.242093563212066,C,1
54.92451264008149,54.07937549855444,76.06072376109799,26.139806288100587,A,1
52.89168643907818,71.02427986233116,26.34449134119245,13.597794871736024,B,1
74.55300139910895,31.43501131837484,23.187274141046586,5.855693160632409,D,1
43.62260015748684,47.116789893281464,9.394243457575916,60.14318584295842,D,0
44.690030449981826,82.16368977104716,13.787293606594416,54.2582950337692,A,1
43.76859473575236,45.92651971732139,67.71289380177018,62.981130167879115,B,0
44.44522880839745,35.77982653254418,32.94004853238196,58.441029727183476,A,0
43.62612872693482,49.421244725029986,46.44845379224881,26.239306334464057,B,0
61.89016531107552,82.82492524372184,18.173074392638956,13.723390477446188,A,1
64.20504247989855,33.520804737087275,29.847619720650652,21.205340635920894,C,0
44.29253706250524,17.37615931357438,8.565876095890145,14.378316666901567,A,0
41.67644426895771,71.20140203307808,36.67029841811953,16.497031625303862,D,1
54.71415556386404,82.59782127080818,16.73758683967087,35.07234479976579,D,1
44.477769557190285,10.063747852353334,17.531232597119256,12.36767140023194,D,0
56.32931817755511,23.98741127559447,31.43663343159611,30.013012906441638,A,0
52.029230208513,14.19719897609939,82.59799641329215,8.817666749276759,D,0
34.84255885002768,34.79414115821666,1.9843974927689725,28.13573235923288,D,0
65.47505201330061,45.035097890541266,52.24509495621455,26.27604540410931,C,1
67.95877673095522,74.88263369633064,10.375573444384067,57.17220352780183,C,1
43.87211309515614,65.11475848816741,17.60526387683689,9.787928660380361,B,1
46.122984400640156,62.092856747843115,0.6647097596840817,18.090841061389792,B,1
52.85865390724905,35.23749466096544,10.745113757089165,19.189297244548907,B,0
53.34456789987025,84.144755308476,20.952706844028878,43.78854504808222,A,1
56.5854427267283,47.128716739816454,1.7344695854386498,27.657048229760857,B,1
70.1020453876635,97.91049380151546,20.26486060691924,36.00801505110385,A,1
48.2305277250595,63.41421382957368,78.56437353373735,29.820374710933635,A,1
42.01702755461546,12.626474156450273,3.3411302127247375,11.032125402614003,B,0
36.20680771985473,67.6177562075434,43.37378135216404,15.188907529291921,B,1
42.69069960058081,32.5104015431699,15.812260823919752,39.0328238498523,A,0
49.66873027126203,68.63271966860974,31.941435273603695,33.11068861312367,C,1
67.94557863517788,6.964114816240574,9.042746127436956,20.087761140802478,D,0
44.823887009638284,17.48814371759594,5.212473611855499,4.897961730116127,D,0
52.237879516388986,85.57372589057863,5.247128103846568,12.330677773666151,D,1
49.83577103927248,22.71795570235149,2.1929941980201506,33.49205797884951,C,0
61.88393273448084,83.704112524294,6.1608295103306725,13.97202806821597,A,1
75.26932425873622,27.927608845441043,32.738917913589965,57.91007161606667,B,1
44.69131227079679,64.28819100587077,64.03356456774586,74.19448036885942,A,1
45.10560557481778,69.4150573509831,50.48053687984223,22.9838746712316,A,1
60.44160877069072,51.265475314505295,34.66827334909371,41.54026027994106,B,1
56.81891489626312,30.531067669673128,3.5105752143189446,33.250620488610934,C,0
68.46707325736034,21.264437637109612,10.24039564453289,42.6517797894386,D,0
55.839281853259635,3.318935456242622,11.123514891478907,66.09010846342682,D,0
46.40707909212941,30.39464012407238,8.628740078886057,29.30990674380786,A,0
55.90654830692309,65.3162790531283,21.708541728519805,1.3338125594690553,C,1
61.087035805829075,93.83048184484826,23.00728748819532,33.712256543589206,D,1
58.204821811973645,87.1204482263052,13.242997137517733,51.70278545537692,C,1
55.07274031107298,76.60647765353026,13.098883463544963,5.722794469226917,B,1
60.666746895891535,78.84473432532987,52.904887529312624,60.68938944826024,A,1
61.692955904456724,66.49849034759953,46.71858048807235,64.35601389477846,A,1
63.82158991037527,26.0286857566003,11.036229778701111,44.02367281231248,C,0
56.48709887589643,90.71950307058299,73.528531455085,7.909472550479474,D,1
48.328819196831454,67.0732311905834,91.61038781538015,26.411880581258146,C,1
51.46713686433323,56.04406309804399,11.868824093633707,14.50596760975019,B,1
62.06508966508357,11.098946921348107,13.128414213725593,34.46424575993012,D,0
41.83064329012764,44.70555438064254,21.134383673125804,12.057825936537215,D,0
53.686733088729014,46.03582712019263,84.96802813444059,51.77780423520806,C,0
46.06661187672639,86.45636095226699,62.701593326783616,22.90506178869762,B,1
50.28744822934817,54.66482201877885,3.246536574421628,21.15046095867501,D,1
62.78451862607299,38.04005489704097,14.963490007021429,19.627872082327023,A,1
51.910990680199035,97.68003285106593,24.18082294404521,18.236175387586815,B,1
50.46436548156149,11.072059332631568,20.982954983522045,25.225174752696173,D,0
36.40143859020081,42.25484283119446,6.465049800245323,4.065240918944571,C,0
57.46253566027221,4.202467517140529,58.73090210867559,35.78187963663263,D,0
56.45484181141075,73.99041207669303,33.8975891456417,15.550326169247853,A,1
71.6325472330546,91.80765521991506,54.58780548898322,42.35698184514463,B,1
46.92221765046999,28.003732955048942,58.71975020416285,44.685219369483505,D,0
52.19150327663939,85.83416767991208,41.39217921509254,44.49458737235301,A,1
52.49383683710755,29.221823046189776,17.352295417142315,34.95493880605239,D,0
65.77453279763475,91.07701616439152,28.290343782811494,31.59843982220047,D,1
49.047044676130476,75.3961903596784,5.243654672199102,49.764687439639275,B,1
52.790215257703395,80.49067768414386,33.59312436748671,35.30190604115068,C,1
56.078965097165394,1.80065556004545,5.926220681817065,34.852320777489496,C,0
51.86609123156358,96.2810357074026,35.52016361107429,39.83673609104406,A,1
45.535663854494715,72.66709920703232,7.825290933301939,59.24717736409679,A,1
51.94089992898308,30.47510953861333,3.7516386703848847,65.3566303622116,A,0
60.73631749859772,82.9394664858847,5.419929568291455,6.796828775507222,B,1
39.7348470058894,28.152119841492997,0.05982366479131877,44.717098881103226,C,0
51.32969674146876,87.2753839566128,38.054232355387924,11.589173380314252,A,1
42.99879185060827,11.258039041193701,39.54797612951404,28.143334907335056,A,0
61.950466289248425,70.36859774607957,21.704069238811535,11.956740938013885,D,1
34.76813095216225,54.069847664491036,5.279312605222647,19.888562321116215,D,0
44.410781527284115,9.653447019544082,2.6175750457206273,7.044139226118197,A,0
53.772118750645205,24.189382825883897,0.57942876951449,45.51597928900048,D,0
65.65524029234341,1.240403627731479,5.436599283452037,37.9625712051158,D,0
49.34249738927012,46.876796546450585,66.45248721448904,66.1813144500978,D,0
44.44800473306802,30.126526076000037,8.293831594855064,44.064618606645986,B,0
68.8115706944059,59.83574842977588,13.121276238032813,6.948792611562547,A,1
35.51986099583756,29.72378077086172,3.339529542329002,50.959856127557465,A,0
28.011940433799182,29.99191115069847,7.544797939850491,14.93362462553793,D,0
54.40014450053332,74.31931987316034,21.97065003057493,31.4720980619649,B,1
44.97945775647389,4.814283597835345,28.075881829852197,10.387418789996019,D,0
39.787671828692865,90.28949951919873,8.445128397713608,59.29483893002673,B,1
57.08356447299353,85.22638743911814,1.783971383630446,14.932316516690733,A,1
52.43800713771199,66.78046832264066,14.879729550701274,17.296957661999926,D,1
44.359213692632714,59.32215701073843,8.005159253551675,53.97535652724146,A,1
37.19695601329106,89.23024981396523,7.43668888416069,20.638116668271504,B,1
58.724573282801444,18.533017952871443,96.4635528451802,55.492986421005256,C,0
56.50201177958661,7.896916219082861,28.736866444529902,26.469616515204926,B,0
49.00824136220617,23.95101699095381,24.417334557928356,20.752197434122817,C,0
68.46636996047665,79.45782787001903,16.124078207339252,5.368011974130837,A,1
39.29915233673847,3.4670266726483323,16.80805753390416,44.52027338423294,A,0
34.74474829075261,58.280683508348964,23.35494381059449,61.84913264668911,D,0
43.080919301187556,99.54375161913099,35.76427250771415,30.79636847431777,C,1
49.54413983644502,85.56960938375394,36.334565050051374,62.019833836912454,B,1
52.43339449322692,52.14456890435895,5.651175486786831,15.909065280331443,A,1
47.5876394214367,6.364090928664234,20.801181304292516,36.46050375441866,C,0
53.520553965142966,83.13735143857099,15.928712000222168,19.76561346945491,B,1
37.48460575809556,59.89785081772106,61.32847959799855,56.60612912767989,C,0
64.4376460407326,11.493299705956684,29.9428370317113,21.270147787053588,B,0
49.178488216074314,9.38572848233562,22.810938855216868,31.773482354211918,B,0
61.172958315881274,90.96268194365923,3.6784097038082058,45.41464829682412,B,1
53.42725346377704,66.92002629380784,27.914571873982073,54.5266438474012,B,1
54.567532191537836,82.92867993167555,3.739830864160432,60.96707303826775,C,1
55.69767280232204,87.89789002822673,12.338757431061913,5.40647978366633,C,1
54.47708560017315,57.17723520483222,4.623989168022757,45.87949191993256,D,1
56.42722759867544,51.74463517550413,35.336839149488654,27.97013575382582,C,1
63.29152530132431,43.042741032099016,6.929681756383393,30.727710845800132,C,1
51.9652116970147,31.69465877911193,14.920473889850545,32.62316154908033,D,0
57.09003757588512,43.459596085871176,67.8072636266139,10.722526643173298,C,1
49.102643057127736,77.38796557301563,6.856609161904607,37.70639818680073,B,1
64.40117215449473,60.19234310151316,21.26641288484907,16.40530395814309,A,1
43.2360769794073,89.2523289954846,16.304166199027215,9.330735258658555,A,1
68.00940432910815,44.33800143791877,0.5487087994969545,42.918851852003115,D,1
49.59842049355657,60.7089578718754,47.21605903367773,43.91404412077546,C,1
35.69224897881952,63.130755309198875,2.14635934588116,49.07174735759635,C,0
51.28104414910789,59.16971623063255,19.288170437025727,23.375009773159185,D,1
43.18948342525119,70.26337730855164,24.675699627979583,58.73590601705874,A,1
58.406435489887244,23.74334683748063,29.700254131922755,27.353861055878255,B,0
43.47376020697609,51.23637775457907,35.00335788171569,53.38089235523403,C,0
45.538165667852205,10.422480280834767,8.761643907659835,49.77652419867526,D,0
31.104592690544692,38.45113276448126,0.3008669509364413,19.639232316728123,B,0
45.47693680750923,48.76670686212644,38.56022177968195,20.69828162119684,D,0
25.761206733710434,65.22242595454725,23.01392738618083,30.928078521833818,D,0
34.16097176514277,95.05310525862035,54.25820433938656,64.64823574417933,D,1
57.604146561442974,60.06510665483559,51.67624365994338,22.01679526464557,A,1
57.85800158650832,74.35939161765597,55.607674094037634,32.830801097531435,A,1
54.254575617849646,50.626605949520275,19.91316602994808,33.25299875567103,D,1
40.33023856870787,63.41040313763313,12.17723399510965,21.43248981093348,C,1
49.5228864385802,7.093221613377343,47.04286277495788,57.2961885670593,B,0
49.963974609094315,25.439158084184697,18.005781180968118,20.519381117795476,C,0
38.416353108074574,36.185309320513866,6.079727241462871,34.13790661984561,A,0
65.0339830176715,47.249335500651355,57.925271315203695,36.965400535978404,B,1
58.77362290575671,4.564874550238374,64.25479994504094,44.57419178347825,D,0
47.79035826170336,14.002409755331769,18.838190280135226,32.98240899255619,C,0
50.26885838994531,27.68143077913058,2.3615486906387355,16.97069302969916,C,0
52.08382807947552,97.15326909010507,14.722166101054487,56.34015339795546,D,1
29.582651315757094,33.134700710305076,48.81853551748315,1.0196305733309297,C,0
47.52822617479403,48.20410581120825,69.61453870499301,24.9757370134977,A,0
43.180157520022014,19.609771273839293,6.824817858602553,28.196937401071487,D,0
39.983799901050844,61.07800710757682,2.079653868109042,40.258254268631724,C,1
47.18899707114045,28.068321551597432,62.952726084124286,19.538293948857568,D,0
67.97686526849523,20.699257843842677,14.799638623338778,39.933212326921584,B,0
56.4084286126701,51.65726284459791,23.410929568114067,32.09957965246972,D,1
44.28821010217203,0.5505799160420821,103.32234361587633,39.94507004177966,C,0
55.72582781356159,0.7664032649225327,2.06650972077382,44.884385192830614,A,0
